Match ID,Overs Played,Wickets Lost,Run Rate,Home/Away,Opponent Strength,Pitch Condition,Weather,Predicted Score
1,7,1,11.04,Away,3,Bowling,Sunny,82
2,20,10,11.87,Home,5,Bowling,Sunny,204
3,15,7,6.14,Home,7,Balanced,Sunny,105
4,11,8,8.84,Home,9,Batting,Cloudy,121
5,8,0,9.56,Home,2,Balanced,Sunny,104
6,7,4,8.69,Home,4,Bowling,Overcast,55
7,19,7,6.21,Home,7,Balanced,Cloudy,125
8,11,10,9.19,Away,1,Bowling,Sunny,92
9,11,1,12.51,Home,2,Balanced,Cloudy,159
10,4,3,5.71,Away,9,Balanced,Overcast,31
11,8,6,5.8,Away,10,Bowling,Sunny,44
12,3,2,8.55,Home,7,Balanced,Overcast,37
13,2,4,14.42,Away,10,Batting,Sunny,48
14,12,7,11.69,Away,7,Balanced,Overcast,133
15,6,9,11.79,Home,6,Balanced,Sunny,80
16,2,2,8.62,Home,3,Batting,Cloudy,43
17,1,3,10.94,Home,10,Bowling,Sunny,18
18,12,8,5.1,Away,3,Batting,Cloudy,85
19,12,6,11.36,Away,2,Balanced,Sunny,158
20,17,0,14.13,Home,6,Bowling,Sunny,218
21,10,3,11.13,Home,4,Balanced,Overcast,115
22,16,3,13.74,Away,5,Balanced,Overcast,212
23,15,8,12.24,Away,3,Batting,Overcast,209
24,15,5,6.21,Away,6,Batting,Sunny,132
25,19,8,14.02,Away,3,Bowling,Sunny,232
26,12,5,5.66,Home,8,Bowling,Sunny,65
27,20,5,10.34,Away,9,Bowling,Cloudy,172
28,3,4,6.42,Away,4,Balanced,Cloudy,34
29,5,4,5.12,Away,9,Batting,Sunny,45
30,19,1,9.22,Away,7,Batting,Overcast,207
31,7,7,7.95,Home,3,Batting,Overcast,73
32,9,7,9.86,Home,7,Bowling,Overcast,69
33,7,10,10.77,Away,1,Batting,Sunny,106
34,18,0,5.44,Away,3,Batting,Overcast,130
35,4,7,6.23,Home,6,Batting,Sunny,42
36,14,4,10.59,Home,4,Bowling,Cloudy,131
37,18,1,8.43,Away,7,Batting,Overcast,182
38,9,1,12.29,Away,3,Bowling,Cloudy,105
39,2,5,11.52,Home,1,Batting,Overcast,43
40,20,10,13.46,Home,9,Batting,Sunny,340
41,15,8,11.92,Home,6,Batting,Sunny,234
42,7,0,9.3,Home,8,Bowling,Sunny,69
43,12,5,11.73,Home,3,Bowling,Sunny,130
44,8,8,7.75,Home,8,Batting,Overcast,72
45,15,7,8.06,Away,2,Balanced,Cloudy,133
46,3,10,12.89,Home,4,Bowling,Sunny,38
47,14,5,9.46,Home,3,Bowling,Overcast,106
48,17,2,12.98,Home,10,Batting,Cloudy,279
49,4,7,13.22,Home,1,Balanced,Sunny,70
50,18,8,13.58,Away,7,Batting,Cloudy,301
51,8,0,14.17,Away,10,Bowling,Sunny,108
52,4,8,9.31,Home,2,Bowling,Cloudy,39
53,2,5,8.19,Away,4,Batting,Cloudy,36
54,6,5,10.82,Away,9,Batting,Sunny,93
55,10,3,8.71,Away,6,Balanced,Overcast,91
56,4,0,11.01,Away,8,Balanced,Cloudy,61
57,18,9,12.06,Away,2,Bowling,Sunny,190
58,12,7,11.88,Away,7,Balanced,Cloudy,150
59,2,1,8.75,Home,6,Balanced,Cloudy,35
60,10,0,6.67,Home,9,Bowling,Overcast,60
61,4,1,9.31,Home,7,Bowling,Cloudy,43
62,14,0,6.43,Home,1,Bowling,Cloudy,91
63,16,0,13.9,Home,8,Bowling,Sunny,201
64,15,8,8.46,Away,10,Batting,Sunny,164
65,8,0,6.54,Home,3,Bowling,Overcast,54
66,14,3,5.25,Home,2,Bowling,Cloudy,74
67,8,9,11.46,Away,3,Bowling,Cloudy,80
68,16,5,11.37,Away,6,Balanced,Cloudy,193
69,13,6,8.41,Home,3,Bowling,Overcast,88
70,18,1,5.72,Away,10,Batting,Cloudy,140
71,15,5,9.1,Away,5,Batting,Sunny,188
72,13,6,8.11,Away,6,Bowling,Overcast,83
73,9,9,11.77,Away,8,Batting,Sunny,138
74,15,9,11.06,Home,7,Balanced,Sunny,179
75,13,1,8.65,Away,8,Bowling,Overcast,92
76,1,1,7.18,Home,3,Batting,Sunny,35
77,7,9,14.88,Home,4,Batting,Cloudy,134
78,9,6,9.54,Away,6,Bowling,Overcast,69
79,1,0,11.88,Away,7,Batting,Sunny,38
80,12,7,6.41,Away,9,Bowling,Cloudy,66
81,8,10,9.86,Home,1,Batting,Cloudy,105
82,11,2,5.28,Away,8,Balanced,Sunny,76
83,19,10,10.05,Away,8,Batting,Cloudy,232
84,17,5,14.64,Away,6,Batting,Overcast,281
85,8,8,8.84,Away,4,Bowling,Sunny,67
86,3,5,5.39,Away,3,Batting,Cloudy,37
87,3,8,5.31,Home,3,Bowling,Cloudy,21
88,1,6,8.88,Away,6,Balanced,Sunny,20
89,5,8,6.6,Away,8,Bowling,Sunny,32
90,10,1,5.23,Away,7,Bowling,Sunny,58
91,7,7,12.56,Home,1,Batting,Sunny,128
92,9,7,9.59,Away,6,Balanced,Overcast,85
93,7,1,7.89,Home,7,Bowling,Sunny,60
94,9,3,14.0,Home,7,Batting,Overcast,151
95,8,10,6.16,Away,9,Batting,Overcast,54
96,12,6,14.56,Away,10,Bowling,Sunny,152
97,2,10,8.14,Away,5,Batting,Overcast,23
98,1,3,13.88,Home,1,Bowling,Sunny,28
99,16,3,11.03,Home,2,Bowling,Sunny,164
100,5,5,13.27,Home,4,Bowling,Cloudy,64
101,3,9,14.84,Home,5,Balanced,Sunny,54
102,12,5,7.88,Home,9,Bowling,Cloudy,82
103,8,9,14.61,Home,1,Batting,Overcast,138
104,3,2,8.89,Away,3,Balanced,Cloudy,46
105,1,8,8.86,Away,5,Batting,Overcast,18
106,3,9,8.4,Home,3,Balanced,Sunny,35
107,5,10,10.41,Away,4,Balanced,Overcast,52
108,15,1,6.54,Away,3,Balanced,Overcast,107
109,14,5,10.54,Home,4,Balanced,Sunny,169
110,3,6,10.42,Home,1,Batting,Overcast,50
111,1,8,12.62,Away,8,Bowling,Sunny,15
112,5,2,13.34,Home,4,Batting,Cloudy,102
113,14,9,9.4,Home,7,Bowling,Sunny,114
114,7,2,8.02,Away,2,Batting,Sunny,96
115,9,6,7.59,Home,2,Balanced,Overcast,74
116,15,3,6.95,Away,6,Balanced,Cloudy,119
117,15,7,5.58,Away,2,Bowling,Sunny,81
118,10,6,8.42,Away,6,Bowling,Cloudy,75
119,13,4,7.7,Away,2,Batting,Cloudy,141
120,19,6,14.66,Away,4,Bowling,Overcast,209
121,7,2,10.58,Home,7,Batting,Sunny,112
122,17,1,8.47,Home,8,Bowling,Overcast,115
123,20,5,10.8,Home,3,Bowling,Sunny,194
124,4,1,6.39,Home,9,Bowling,Cloudy,32
125,5,2,9.44,Away,2,Balanced,Sunny,71
126,7,5,11.26,Away,8,Balanced,Sunny,93
127,13,4,9.89,Home,8,Batting,Cloudy,167
128,15,7,9.02,Away,4,Bowling,Cloudy,117
129,11,8,14.94,Home,1,Batting,Sunny,222
130,4,10,13.8,Home,1,Bowling,Overcast,46
131,13,2,11.23,Home,2,Balanced,Sunny,174
132,7,9,10.69,Away,9,Balanced,Cloudy,77
133,19,2,11.21,Away,2,Bowling,Overcast,168
134,2,2,7.01,Away,2,Bowling,Cloudy,27
135,10,5,8.95,Away,6,Balanced,Cloudy,101
136,13,0,5.39,Home,7,Balanced,Overcast,79
137,6,6,9.76,Away,7,Batting,Cloudy,81
138,12,0,10.43,Away,9,Balanced,Cloudy,141
139,12,4,7.28,Away,6,Bowling,Cloudy,80
140,20,9,14.64,Home,8,Batting,Cloudy,356
141,11,7,14.09,Home,6,Bowling,Cloudy,131
142,7,3,12.22,Away,2,Batting,Cloudy,125
143,1,4,10.33,Away,1,Bowling,Cloudy,23
144,1,3,13.7,Away,5,Balanced,Cloudy,29
145,20,3,6.31,Away,9,Bowling,Cloudy,110
146,13,7,12.91,Home,8,Batting,Sunny,220
147,9,1,6.25,Away,4,Bowling,Sunny,64
148,3,0,12.94,Away,5,Batting,Cloudy,71
149,7,2,7.76,Away,5,Bowling,Sunny,60
150,6,8,13.77,Home,6,Balanced,Overcast,81
151,8,3,14.44,Home,3,Balanced,Sunny,140
152,9,9,6.49,Away,5,Bowling,Cloudy,52
153,5,4,9.63,Away,2,Bowling,Cloudy,52
154,1,1,14.81,Away,10,Bowling,Sunny,24
155,19,3,9.83,Away,1,Batting,Cloudy,248
156,10,1,13.64,Away,1,Bowling,Overcast,114
157,12,1,10.89,Home,10,Bowling,Overcast,104
158,15,3,8.75,Home,7,Batting,Cloudy,174
159,9,5,7.86,Home,2,Balanced,Overcast,78
160,20,6,7.03,Away,4,Bowling,Overcast,110
161,17,9,12.62,Home,5,Bowling,Sunny,186
162,17,2,8.87,Home,7,Balanced,Overcast,149
163,20,2,10.11,Home,2,Balanced,Sunny,233
164,12,9,9.92,Away,6,Batting,Cloudy,149
165,7,5,10.77,Away,1,Bowling,Sunny,77
166,2,2,13.66,Home,7,Bowling,Cloudy,34
167,3,1,14.81,Away,9,Batting,Cloudy,71
168,17,7,9.08,Home,5,Balanced,Cloudy,164
169,5,4,13.28,Home,5,Batting,Cloudy,96
170,17,0,12.65,Home,4,Balanced,Cloudy,236
171,17,2,10.74,Home,3,Batting,Sunny,254
172,17,9,14.56,Away,9,Balanced,Cloudy,250
173,2,7,7.0,Away,5,Batting,Overcast,25
174,2,3,6.09,Away,8,Balanced,Overcast,22
175,5,6,13.54,Away,9,Balanced,Cloudy,75
176,1,9,9.39,Home,5,Balanced,Overcast,14
177,1,1,13.47,Away,10,Balanced,Sunny,28
178,19,6,13.93,Home,9,Balanced,Sunny,285
179,2,4,5.62,Away,2,Bowling,Cloudy,23
180,12,4,13.83,Away,9,Balanced,Cloudy,176
181,6,5,9.48,Away,4,Bowling,Cloudy,56
182,4,8,10.1,Home,6,Balanced,Overcast,43
183,11,5,11.27,Home,6,Bowling,Overcast,98
184,17,7,14.26,Home,6,Bowling,Sunny,211
185,6,6,5.19,Home,2,Batting,Overcast,49
186,5,8,9.77,Away,7,Balanced,Sunny,58
187,20,3,11.88,Home,6,Batting,Overcast,272
188,2,1,12.23,Home,1,Batting,Sunny,59
189,6,6,11.93,Away,2,Balanced,Cloudy,86
190,11,5,6.34,Away,7,Batting,Overcast,87
191,16,0,7.99,Home,1,Balanced,Sunny,159
192,16,10,8.59,Away,1,Batting,Overcast,158
193,1,8,13.04,Home,1,Balanced,Cloudy,25
194,9,8,7.79,Away,8,Balanced,Sunny,79
195,6,1,7.11,Home,4,Balanced,Overcast,56
196,16,2,14.57,Home,4,Bowling,Overcast,181
197,3,4,5.09,Home,2,Batting,Cloudy,39
198,20,4,14.98,Home,1,Bowling,Cloudy,254
199,4,0,11.77,Home,10,Batting,Sunny,78
200,19,7,13.28,Away,9,Batting,Overcast,278
201,3,7,7.95,Home,7,Batting,Overcast,34
202,19,3,5.14,Home,4,Bowling,Cloudy,91
203,20,6,12.38,Home,6,Batting,Cloudy,309
204,7,10,13.34,Home,2,Bowling,Sunny,85
205,20,9,12.4,Home,7,Balanced,Overcast,227
206,9,2,6.43,Away,2,Batting,Overcast,84
207,1,5,12.53,Away,10,Batting,Sunny,25
208,8,9,12.69,Home,8,Balanced,Sunny,110
209,7,9,11.59,Away,8,Balanced,Cloudy,85
210,18,8,12.66,Home,1,Batting,Cloudy,288
211,8,0,13.46,Away,8,Balanced,Sunny,131
212,1,4,11.14,Away,2,Bowling,Sunny,24
213,11,3,5.89,Home,6,Bowling,Overcast,57
214,18,7,9.88,Away,1,Batting,Sunny,241
215,10,10,5.78,Away,5,Bowling,Sunny,53
216,3,0,9.08,Home,7,Bowling,Overcast,33
217,7,8,9.07,Home,10,Batting,Sunny,84
218,16,5,5.66,Away,1,Balanced,Cloudy,107
219,16,3,8.49,Away,2,Batting,Cloudy,185
220,20,8,6.11,Away,7,Bowling,Overcast,92
221,17,10,13.08,Home,6,Batting,Sunny,285
222,2,4,14.48,Away,3,Batting,Cloudy,54
223,1,4,5.72,Away,10,Bowling,Cloudy,12
224,16,4,14.55,Away,2,Bowling,Cloudy,200
225,12,0,10.23,Home,10,Batting,Cloudy,165
226,5,0,8.0,Home,4,Bowling,Sunny,51
227,5,7,5.77,Home,3,Bowling,Sunny,34
228,9,7,10.01,Home,7,Bowling,Sunny,82
229,9,5,12.95,Away,8,Bowling,Sunny,106
230,3,10,12.07,Home,2,Bowling,Cloudy,35
231,19,3,5.5,Away,10,Bowling,Overcast,83
232,16,1,5.73,Away,7,Balanced,Overcast,97
233,16,1,9.03,Away,8,Batting,Cloudy,192
234,3,8,7.95,Away,6,Bowling,Cloudy,25
235,20,4,7.32,Home,6,Batting,Overcast,172
236,1,3,7.81,Home,10,Balanced,Overcast,16
237,20,9,13.03,Home,1,Bowling,Cloudy,217
238,11,0,14.29,Home,4,Batting,Cloudy,214
239,17,6,9.05,Home,1,Bowling,Sunny,142
240,8,2,14.06,Away,4,Bowling,Sunny,110
241,4,5,8.21,Home,2,Bowling,Overcast,35
242,6,4,9.76,Home,5,Bowling,Cloudy,58
243,8,4,7.26,Home,10,Bowling,Overcast,48
244,20,10,11.4,Home,9,Bowling,Sunny,192
245,3,4,14.79,Away,10,Bowling,Sunny,45
246,16,0,11.03,Away,3,Balanced,Overcast,179
247,3,0,8.58,Away,8,Balanced,Sunny,45
248,18,2,11.48,Away,3,Bowling,Cloudy,181
249,14,9,6.23,Away,6,Bowling,Overcast,67
250,18,3,13.89,Home,4,Balanced,Cloudy,267
251,2,4,10.03,Away,8,Balanced,Cloudy,31
252,3,1,9.49,Away,6,Balanced,Sunny,48
253,16,7,10.86,Away,8,Bowling,Cloudy,144
254,9,10,11.25,Home,1,Batting,Overcast,119
255,4,10,5.72,Home,6,Batting,Cloudy,32
256,1,1,11.83,Away,1,Batting,Cloudy,41
257,4,8,7.42,Home,1,Batting,Cloudy,50
258,1,1,12.14,Home,8,Bowling,Cloudy,22
259,14,8,13.23,Away,7,Batting,Cloudy,229
260,16,6,13.04,Home,3,Balanced,Sunny,233
261,20,7,10.53,Home,6,Balanced,Overcast,197
262,8,10,10.2,Home,9,Batting,Sunny,104
263,7,1,6.43,Away,7,Balanced,Overcast,55
264,3,6,12.75,Away,3,Bowling,Overcast,37
265,17,5,7.71,Away,6,Batting,Overcast,154
266,1,3,9.97,Home,4,Batting,Overcast,29
267,16,6,7.84,Away,3,Bowling,Overcast,100
268,12,3,6.34,Home,9,Balanced,Cloudy,88
269,19,1,11.3,Home,10,Bowling,Sunny,192
270,14,9,5.54,Home,2,Bowling,Sunny,73
271,6,6,12.49,Away,1,Balanced,Cloudy,90
272,6,7,8.18,Away,2,Bowling,Overcast,44
273,13,1,5.0,Away,7,Balanced,Sunny,86
274,19,4,10.11,Away,10,Balanced,Cloudy,201
275,8,0,5.47,Home,1,Bowling,Cloudy,54
276,2,6,7.76,Away,6,Balanced,Sunny,27
277,1,7,12.07,Home,7,Bowling,Sunny,16
278,15,5,5.63,Away,9,Balanced,Overcast,84
279,1,4,13.39,Away,8,Batting,Overcast,26
280,5,5,5.04,Away,6,Balanced,Sunny,39
281,16,1,7.47,Home,3,Balanced,Overcast,126
282,19,0,12.41,Home,8,Bowling,Cloudy,202
283,4,6,8.16,Home,7,Balanced,Overcast,37
284,3,6,6.02,Home,3,Batting,Overcast,34
285,17,9,8.6,Home,9,Batting,Cloudy,178
286,17,10,7.7,Away,2,Balanced,Overcast,125
287,12,9,13.43,Home,3,Balanced,Cloudy,170
288,14,1,8.13,Home,2,Batting,Overcast,146
289,6,1,12.89,Home,1,Bowling,Sunny,84
290,3,0,13.92,Home,4,Batting,Overcast,68
291,9,9,9.34,Away,5,Batting,Sunny,114
292,5,7,14.1,Home,6,Balanced,Sunny,83
293,17,7,8.77,Away,5,Balanced,Sunny,167
294,14,0,14.64,Away,1,Batting,Sunny,288
295,3,10,5.89,Away,3,Bowling,Sunny,21
296,1,7,11.87,Home,1,Batting,Cloudy,30
297,20,8,9.94,Away,5,Batting,Cloudy,248
298,1,3,8.88,Home,5,Bowling,Cloudy,20
299,3,0,11.33,Home,6,Batting,Sunny,67
300,18,0,12.04,Home,8,Batting,Overcast,252
301,10,2,5.04,Home,10,Balanced,Cloudy,62
302,3,4,6.67,Home,1,Bowling,Overcast,27
303,8,4,12.13,Away,4,Balanced,Overcast,101
304,14,8,11.66,Away,10,Balanced,Sunny,175
305,18,9,14.66,Home,1,Bowling,Sunny,230
306,15,1,12.61,Away,9,Bowling,Sunny,171
307,2,1,14.51,Home,7,Batting,Cloudy,55
308,10,5,12.03,Away,7,Balanced,Sunny,137
309,2,8,7.98,Away,5,Bowling,Cloudy,19
310,17,0,6.05,Away,7,Balanced,Cloudy,121
311,8,8,12.82,Away,2,Balanced,Cloudy,114
312,1,8,11.44,Away,4,Bowling,Cloudy,16
313,9,8,5.48,Home,7,Batting,Sunny,70
314,11,4,8.6,Home,3,Balanced,Cloudy,111
315,16,8,14.57,Away,2,Bowling,Sunny,205
316,7,10,10.0,Home,10,Batting,Sunny,88
317,10,3,9.33,Away,2,Balanced,Cloudy,112
318,3,1,9.58,Home,1,Bowling,Sunny,43
319,18,5,7.09,Away,5,Balanced,Overcast,126
320,13,3,8.69,Away,6,Bowling,Sunny,107
321,7,5,8.7,Away,6,Bowling,Sunny,61
322,4,2,5.52,Home,9,Balanced,Cloudy,35
323,13,5,12.68,Home,4,Balanced,Cloudy,178
324,20,1,9.17,Away,1,Bowling,Sunny,173
325,1,1,13.22,Away,6,Batting,Cloudy,37
326,8,8,13.5,Home,5,Balanced,Overcast,104
327,14,6,7.12,Home,10,Bowling,Overcast,76
328,16,2,11.57,Home,6,Bowling,Cloudy,161
329,14,10,9.72,Home,3,Batting,Sunny,180
330,12,0,13.8,Home,2,Batting,Overcast,204
331,19,7,7.16,Away,6,Batting,Overcast,156
332,15,5,11.78,Home,1,Balanced,Sunny,203
333,2,6,11.08,Away,7,Bowling,Cloudy,25
334,2,8,7.95,Away,7,Bowling,Overcast,16
335,19,4,6.37,Home,10,Bowling,Sunny,109
336,17,0,11.52,Home,7,Batting,Sunny,269
337,20,9,12.39,Away,10,Bowling,Overcast,179
338,10,6,8.16,Home,1,Balanced,Cloudy,97
339,6,4,11.45,Away,4,Batting,Overcast,90
340,15,2,8.95,Home,7,Batting,Sunny,188
341,11,8,12.13,Home,9,Batting,Overcast,148
342,5,0,6.99,Home,5,Batting,Cloudy,66
343,1,0,13.9,Away,2,Balanced,Sunny,39
344,8,0,7.87,Home,7,Bowling,Cloudy,65
345,12,2,8.68,Away,10,Balanced,Overcast,105
346,12,5,5.58,Home,1,Bowling,Overcast,60
347,5,9,6.12,Away,7,Balanced,Cloudy,35
348,7,10,10.16,Home,6,Batting,Overcast,81
349,4,2,7.68,Away,7,Batting,Cloudy,55
350,6,7,13.35,Away,10,Balanced,Overcast,76
351,13,9,5.15,Away,3,Balanced,Cloudy,75
352,20,1,8.79,Away,3,Bowling,Cloudy,157
353,15,8,8.37,Away,7,Balanced,Sunny,138
354,3,2,5.19,Away,2,Balanced,Sunny,37
355,8,4,6.24,Home,1,Bowling,Cloudy,54
356,20,9,9.14,Away,9,Bowling,Overcast,133
357,16,7,9.93,Away,9,Bowling,Overcast,118
358,13,1,9.04,Away,7,Balanced,Overcast,121
359,18,5,10.31,Home,7,Bowling,Cloudy,157
360,10,4,10.95,Home,3,Batting,Cloudy,151
361,19,9,5.1,Home,10,Batting,Cloudy,118
362,17,8,9.64,Away,2,Batting,Cloudy,210
363,19,4,14.63,Home,7,Balanced,Sunny,304
364,5,1,10.19,Home,9,Batting,Cloudy,79
365,9,4,11.78,Away,1,Balanced,Overcast,112
366,12,3,8.12,Away,4,Balanced,Sunny,120
367,1,10,12.74,Home,6,Batting,Overcast,18
368,1,6,12.73,Away,7,Bowling,Cloudy,17
369,15,5,10.21,Away,10,Balanced,Sunny,169
370,2,1,14.76,Away,7,Batting,Cloudy,55
371,16,10,6.26,Away,10,Balanced,Sunny,105
372,8,10,5.17,Home,2,Bowling,Overcast,36
373,13,4,12.7,Away,4,Bowling,Cloudy,144
374,1,6,13.07,Home,5,Batting,Cloudy,29
375,16,10,6.2,Home,1,Balanced,Sunny,114
376,7,6,7.66,Home,1,Balanced,Sunny,72
377,5,4,5.18,Home,10,Balanced,Cloudy,35
378,3,8,7.93,Away,3,Balanced,Sunny,35
379,12,3,12.73,Away,10,Batting,Cloudy,196
380,16,10,10.18,Away,3,Bowling,Sunny,143
381,19,2,8.48,Home,8,Batting,Overcast,189
382,5,3,8.72,Home,9,Balanced,Sunny,58
383,14,4,5.01,Home,1,Balanced,Overcast,79
384,5,5,8.0,Away,2,Bowling,Sunny,47
385,15,2,11.46,Home,10,Balanced,Sunny,193
386,17,1,14.74,Away,2,Batting,Cloudy,326
387,14,3,13.47,Away,4,Batting,Sunny,258
388,20,4,5.24,Away,2,Bowling,Sunny,102
389,5,3,13.99,Away,7,Batting,Overcast,90
390,12,10,12.83,Home,9,Batting,Sunny,195
391,16,2,12.8,Away,7,Batting,Cloudy,264
392,16,7,9.58,Home,6,Batting,Overcast,175
393,7,9,8.98,Away,10,Balanced,Cloudy,64
394,4,3,8.03,Home,1,Batting,Cloudy,62
395,1,1,5.66,Home,10,Bowling,Cloudy,15
396,5,1,7.28,Away,9,Bowling,Cloudy,41
397,10,0,7.47,Away,5,Batting,Overcast,102
398,5,3,9.84,Away,5,Bowling,Sunny,54
399,4,9,12.47,Home,6,Batting,Cloudy,66
400,2,8,9.74,Away,9,Bowling,Overcast,17
401,20,10,5.58,Away,8,Bowling,Cloudy,91
402,10,6,14.58,Home,8,Batting,Sunny,194
403,19,9,14.43,Away,8,Batting,Overcast,300
404,1,6,12.85,Home,1,Balanced,Overcast,25
405,5,6,14.91,Away,1,Batting,Sunny,113
406,13,7,10.44,Home,8,Batting,Overcast,154
407,4,0,14.63,Home,5,Balanced,Sunny,82
408,16,9,5.76,Away,9,Batting,Overcast,102
409,16,9,8.66,Home,2,Batting,Overcast,160
410,2,7,7.25,Away,9,Balanced,Sunny,21
411,17,3,6.96,Away,8,Batting,Sunny,165
412,20,3,6.41,Home,9,Batting,Overcast,151
413,12,3,11.22,Away,4,Balanced,Overcast,136
414,18,5,12.81,Home,1,Balanced,Sunny,259
415,3,6,10.78,Home,1,Bowling,Sunny,40
416,1,5,6.47,Home,5,Batting,Overcast,20
417,1,0,13.11,Home,2,Bowling,Overcast,26
418,19,7,11.36,Home,8,Bowling,Overcast,160
419,11,9,8.88,Home,10,Balanced,Sunny,104
420,5,10,11.74,Home,5,Batting,Overcast,69
421,12,6,7.6,Home,5,Batting,Cloudy,123
422,3,5,8.45,Away,2,Balanced,Sunny,43
423,1,5,14.17,Away,7,Bowling,Overcast,18
424,1,4,7.91,Home,8,Balanced,Sunny,20
425,8,5,9.7,Away,10,Batting,Cloudy,102
426,10,8,13.9,Away,1,Balanced,Sunny,159
427,11,9,12.08,Away,2,Batting,Overcast,154
428,12,8,5.62,Away,10,Bowling,Cloudy,56
429,13,9,6.47,Away,4,Batting,Cloudy,110
430,12,7,5.08,Away,5,Bowling,Overcast,51
431,14,9,11.31,Home,2,Bowling,Overcast,121
432,2,8,9.48,Away,1,Batting,Overcast,33
433,19,9,6.34,Away,9,Batting,Sunny,155
434,18,7,14.58,Away,1,Bowling,Sunny,232
435,3,7,10.3,Away,4,Balanced,Sunny,43
436,17,0,7.42,Home,2,Batting,Overcast,161
437,8,9,10.01,Home,4,Bowling,Overcast,63
438,10,10,11.8,Home,8,Bowling,Sunny,101
439,2,4,5.76,Home,8,Balanced,Cloudy,23
440,19,3,7.75,Away,9,Batting,Sunny,200
441,9,1,13.07,Home,5,Bowling,Cloudy,109
442,7,7,9.6,Home,7,Balanced,Overcast,67
443,4,2,10.47,Home,3,Bowling,Overcast,44
444,18,3,9.33,Home,10,Batting,Sunny,225
445,13,6,5.44,Away,4,Balanced,Sunny,87
446,11,9,6.66,Home,10,Bowling,Overcast,54
447,4,8,9.46,Away,9,Balanced,Sunny,44
448,4,1,7.09,Home,10,Batting,Overcast,45
449,10,2,5.5,Away,10,Balanced,Overcast,60
450,5,3,13.44,Away,1,Batting,Cloudy,104
451,9,9,14.81,Home,2,Bowling,Sunny,120
452,3,0,12.93,Home,5,Batting,Overcast,63
453,17,6,13.54,Home,3,Bowling,Sunny,204
454,3,1,7.42,Home,2,Bowling,Cloudy,35
455,16,4,14.61,Away,1,Batting,Cloudy,302
456,4,0,6.97,Away,10,Bowling,Sunny,36
457,18,2,14.51,Home,3,Balanced,Sunny,294
458,17,1,14.95,Home,1,Bowling,Overcast,199
459,7,0,12.12,Away,1,Batting,Cloudy,131
460,5,6,14.81,Home,1,Balanced,Cloudy,89
461,12,4,10.7,Away,8,Balanced,Cloudy,139
462,17,0,7.6,Home,3,Bowling,Sunny,127
463,13,5,9.37,Away,1,Bowling,Overcast,100
464,3,4,10.94,Away,7,Batting,Sunny,56
465,9,2,5.73,Away,10,Balanced,Sunny,67
466,17,6,11.22,Away,3,Batting,Sunny,257
467,17,10,14.81,Away,8,Bowling,Overcast,183
468,20,9,6.9,Home,4,Balanced,Sunny,153
469,16,8,12.93,Away,4,Batting,Cloudy,259
470,13,8,14.08,Home,5,Batting,Cloudy,229
471,19,8,14.44,Away,6,Batting,Cloudy,338
472,17,1,14.6,Away,7,Batting,Overcast,286
473,4,2,10.21,Home,4,Batting,Sunny,74
474,12,6,14.77,Home,8,Balanced,Overcast,167
475,9,4,12.57,Home,6,Batting,Sunny,159
476,19,1,6.62,Home,1,Balanced,Cloudy,148
477,12,2,9.77,Away,1,Batting,Sunny,174
478,9,9,12.18,Home,9,Bowling,Sunny,94
479,7,5,7.47,Away,10,Bowling,Sunny,50
480,14,6,11.41,Home,6,Batting,Overcast,183
481,20,8,11.67,Home,10,Bowling,Sunny,199
482,19,0,6.63,Away,8,Balanced,Sunny,150
483,15,10,10.65,Away,7,Batting,Sunny,205
484,16,6,12.72,Home,6,Balanced,Overcast,192
485,5,7,9.99,Away,4,Batting,Overcast,65
486,3,2,5.12,Away,7,Bowling,Overcast,22
487,12,3,5.09,Away,9,Balanced,Sunny,76
488,20,9,8.57,Away,10,Bowling,Cloudy,138
489,4,5,14.26,Away,10,Bowling,Cloudy,52
490,16,9,7.29,Away,7,Batting,Cloudy,145
491,7,6,11.34,Away,1,Balanced,Sunny,99
492,13,3,7.22,Away,10,Bowling,Cloudy,83
493,10,7,8.22,Home,9,Batting,Cloudy,105
494,7,4,13.48,Away,4,Batting,Cloudy,131
495,14,0,12.29,Home,3,Batting,Sunny,245
496,5,3,5.95,Away,4,Bowling,Cloudy,37
497,3,2,9.29,Away,4,Batting,Cloudy,55
498,11,8,5.29,Away,10,Balanced,Sunny,64
499,11,7,9.81,Away,2,Balanced,Overcast,108
500,18,0,11.62,Home,1,Bowling,Cloudy,187
501,15,10,6.19,Home,10,Balanced,Overcast,84
502,12,5,7.89,Away,1,Batting,Cloudy,133
503,9,8,8.98,Home,8,Bowling,Sunny,72
504,10,6,14.2,Away,2,Batting,Overcast,168
505,12,3,14.93,Away,10,Bowling,Overcast,137
506,17,0,5.45,Home,5,Bowling,Overcast,81
507,6,1,12.61,Home,4,Batting,Overcast,103
508,7,4,8.72,Away,8,Balanced,Cloudy,72
509,14,10,8.92,Away,2,Balanced,Cloudy,133
510,13,4,12.54,Home,10,Bowling,Overcast,124
511,8,7,14.18,Away,9,Batting,Cloudy,143
512,10,5,14.51,Home,7,Batting,Overcast,168
513,9,7,10.77,Away,7,Bowling,Overcast,75
514,18,1,8.57,Away,1,Balanced,Sunny,186
515,2,2,12.88,Home,2,Batting,Overcast,49
516,5,5,7.51,Home,4,Balanced,Cloudy,51
517,5,9,10.64,Home,4,Balanced,Overcast,55
518,6,2,8.59,Away,3,Bowling,Sunny,59
519,19,5,11.57,Away,7,Bowling,Cloudy,184
520,8,5,7.4,Away,8,Balanced,Sunny,72
521,16,1,6.92,Away,2,Batting,Sunny,167
522,13,6,14.18,Home,4,Batting,Overcast,212
523,1,1,6.02,Away,3,Bowling,Sunny,22
524,20,5,10.06,Away,2,Balanced,Sunny,228
525,17,0,7.21,Away,6,Batting,Cloudy,170
526,7,2,5.39,Home,4,Batting,Sunny,70
527,13,1,5.36,Away,6,Bowling,Overcast,63
528,4,6,6.75,Away,2,Balanced,Overcast,37
529,4,3,13.67,Home,4,Batting,Overcast,77
530,6,7,7.82,Away,6,Bowling,Sunny,47
531,19,5,14.5,Away,5,Batting,Cloudy,346
532,12,9,10.82,Home,3,Batting,Overcast,149
533,7,3,9.37,Away,8,Batting,Sunny,98
534,10,4,10.8,Away,7,Bowling,Overcast,86
535,19,8,10.17,Away,3,Balanced,Overcast,183
536,7,6,12.59,Home,6,Bowling,Cloudy,79
537,3,9,7.82,Away,4,Balanced,Overcast,28
538,13,8,8.53,Away,5,Batting,Cloudy,143
539,13,6,13.94,Home,5,Balanced,Sunny,202
540,18,0,14.46,Home,7,Batting,Overcast,301
541,20,7,13.93,Away,5,Batting,Sunny,363
542,8,3,9.19,Away,3,Bowling,Sunny,76
543,9,2,12.8,Away,10,Batting,Sunny,160
544,7,6,9.76,Away,5,Bowling,Overcast,57
545,1,2,9.98,Home,7,Balanced,Cloudy,25
546,3,7,7.05,Away,5,Balanced,Overcast,28
547,13,5,10.91,Home,5,Batting,Sunny,194
548,17,4,6.86,Home,9,Bowling,Cloudy,101
549,1,3,8.32,Away,3,Batting,Sunny,33
550,6,7,13.55,Away,6,Bowling,Cloudy,72
551,6,7,7.07,Home,1,Bowling,Overcast,40
552,12,0,5.71,Home,10,Bowling,Cloudy,67
553,13,8,5.69,Away,5,Balanced,Overcast,74
554,13,4,14.41,Home,8,Bowling,Sunny,167
555,15,3,10.07,Away,5,Balanced,Cloudy,167
556,16,5,9.09,Away,9,Bowling,Sunny,129
557,11,5,13.11,Home,6,Balanced,Cloudy,156
558,5,1,13.36,Home,8,Balanced,Overcast,74
559,4,7,8.32,Away,10,Balanced,Cloudy,38
560,3,6,11.94,Home,8,Batting,Cloudy,53
561,19,0,12.71,Away,3,Bowling,Overcast,190
562,20,4,11.55,Away,7,Batting,Overcast,262
563,18,5,6.52,Away,7,Bowling,Overcast,92
564,15,3,13.76,Home,10,Bowling,Cloudy,174
565,9,1,10.39,Away,6,Batting,Sunny,140
566,17,3,7.82,Away,7,Balanced,Cloudy,146
567,14,0,9.25,Away,2,Bowling,Cloudy,122
568,15,6,5.38,Away,9,Balanced,Sunny,92
569,1,1,6.28,Away,10,Batting,Overcast,21
570,3,1,12.66,Away,10,Balanced,Cloudy,51
571,16,8,5.0,Away,1,Bowling,Sunny,77
572,11,4,9.17,Away,1,Bowling,Overcast,86
573,12,1,10.23,Away,3,Bowling,Overcast,103
574,10,10,5.55,Away,3,Batting,Cloudy,75
575,16,8,14.73,Away,1,Bowling,Overcast,178
576,8,8,7.26,Home,7,Batting,Overcast,69
577,6,0,8.04,Away,4,Balanced,Sunny,73
578,12,10,8.04,Away,10,Bowling,Sunny,81
579,8,2,7.3,Away,2,Bowling,Overcast,56
580,4,3,5.01,Home,10,Bowling,Sunny,26
581,8,6,12.29,Away,5,Balanced,Overcast,98
582,18,9,14.67,Home,6,Bowling,Cloudy,216
583,5,3,7.24,Away,9,Batting,Sunny,60
584,9,1,11.63,Away,4,Balanced,Overcast,112
585,4,6,12.42,Home,2,Balanced,Overcast,57
586,17,5,13.48,Away,5,Balanced,Sunny,254
587,9,2,9.23,Home,3,Balanced,Sunny,107
588,1,5,8.03,Home,2,Balanced,Cloudy,24
589,20,10,8.25,Away,1,Batting,Overcast,188
590,13,5,12.13,Away,10,Balanced,Cloudy,165
591,16,4,13.17,Away,2,Bowling,Cloudy,182
592,13,3,6.82,Away,6,Balanced,Cloudy,103
593,14,9,8.71,Home,8,Balanced,Sunny,132
594,3,0,14.02,Home,3,Balanced,Cloudy,64
595,6,9,13.07,Away,9,Balanced,Sunny,85
596,18,5,14.85,Home,9,Balanced,Sunny,290
597,19,1,12.54,Home,2,Batting,Cloudy,312
598,5,2,8.93,Away,8,Batting,Cloudy,70
599,15,7,10.91,Home,10,Balanced,Overcast,151
600,2,9,11.61,Home,5,Batting,Cloudy,36
601,10,5,5.78,Away,4,Bowling,Overcast,51
602,18,2,10.44,Home,10,Balanced,Cloudy,200
603,13,6,12.09,Away,5,Bowling,Cloudy,135
604,5,3,6.67,Home,4,Bowling,Cloudy,40
605,1,8,12.81,Away,8,Balanced,Cloudy,18
606,1,4,10.84,Home,4,Bowling,Overcast,19
607,18,2,14.52,Home,10,Bowling,Overcast,197
608,15,1,5.42,Away,6,Bowling,Cloudy,79
609,17,10,7.65,Away,2,Balanced,Cloudy,138
610,11,1,11.02,Away,5,Balanced,Overcast,126
611,17,2,7.97,Away,6,Bowling,Sunny,127
612,13,1,12.14,Home,5,Balanced,Sunny,185
613,1,3,12.59,Home,2,Balanced,Sunny,33
614,2,1,6.03,Home,7,Bowling,Overcast,21
615,9,9,10.14,Away,4,Balanced,Overcast,89
616,3,8,10.09,Home,8,Batting,Sunny,44
617,1,1,8.69,Home,7,Balanced,Sunny,26
618,16,8,14.33,Away,7,Batting,Cloudy,282
619,6,5,13.28,Away,9,Bowling,Overcast,63
620,17,0,11.97,Home,1,Balanced,Overcast,205
621,5,3,12.14,Away,10,Bowling,Sunny,60
622,5,0,9.62,Home,6,Bowling,Sunny,56
623,6,5,14.21,Home,6,Bowling,Overcast,70
624,3,3,11.95,Away,6,Bowling,Cloudy,40
625,5,2,12.29,Home,6,Bowling,Sunny,65
626,5,2,13.62,Away,10,Balanced,Overcast,72
627,10,8,7.74,Away,7,Batting,Overcast,90
628,10,5,13.07,Home,10,Balanced,Cloudy,138
629,19,8,6.95,Home,6,Balanced,Cloudy,139
630,17,4,8.45,Home,1,Balanced,Sunny,170
631,14,1,8.36,Away,3,Balanced,Sunny,144
632,9,7,14.79,Home,2,Batting,Sunny,183
633,14,4,13.57,Away,6,Balanced,Overcast,183
634,1,1,12.01,Away,8,Bowling,Sunny,23
635,19,3,12.27,Home,3,Balanced,Overcast,226
636,13,8,10.62,Away,10,Balanced,Sunny,148
637,13,3,14.47,Home,8,Batting,Cloudy,241
638,4,3,9.96,Home,8,Batting,Cloudy,63
639,1,1,8.81,Home,5,Bowling,Overcast,20
640,17,5,6.63,Home,8,Balanced,Cloudy,122
641,8,10,12.86,Home,6,Balanced,Overcast,96
642,2,1,12.34,Home,5,Balanced,Overcast,39
643,8,6,8.84,Home,9,Bowling,Cloudy,62
644,7,2,5.25,Away,7,Batting,Overcast,56
645,2,2,13.39,Home,8,Bowling,Cloudy,33
646,3,4,5.11,Away,1,Balanced,Sunny,35
647,18,2,12.04,Away,2,Batting,Sunny,298
648,12,1,14.7,Away,8,Batting,Cloudy,230
649,1,9,9.38,Home,9,Bowling,Cloudy,10
650,12,8,7.35,Away,4,Batting,Cloudy,117
651,5,1,12.05,Away,10,Batting,Cloudy,88
652,17,10,13.17,Home,10,Balanced,Sunny,235
653,16,1,10.46,Home,9,Balanced,Overcast,164
654,15,7,14.67,Away,4,Batting,Overcast,249
655,15,8,5.52,Home,10,Batting,Sunny,108
656,5,6,10.05,Home,10,Bowling,Overcast,41
657,14,2,12.18,Home,10,Bowling,Sunny,153
658,2,8,13.63,Home,9,Batting,Overcast,34
659,11,2,6.79,Away,7,Balanced,Cloudy,90
660,19,4,13.0,Home,2,Batting,Cloudy,317
661,7,8,10.53,Home,9,Batting,Cloudy,93
662,6,2,8.97,Home,4,Balanced,Sunny,75
663,2,6,6.32,Away,8,Balanced,Sunny,22
664,6,0,13.65,Away,7,Bowling,Overcast,72
665,18,3,6.57,Home,7,Bowling,Overcast,95
666,2,3,8.1,Home,8,Bowling,Overcast,21
667,18,6,7.9,Away,1,Bowling,Sunny,132
668,15,7,13.71,Home,5,Balanced,Overcast,194
669,19,0,11.73,Home,2,Batting,Cloudy,295
670,2,4,12.97,Away,2,Bowling,Overcast,31
671,20,6,7.5,Home,1,Bowling,Cloudy,132
672,6,3,11.25,Home,5,Balanced,Sunny,87
673,1,3,10.72,Away,2,Balanced,Cloudy,29
674,15,3,13.33,Away,4,Batting,Cloudy,260
675,10,5,14.06,Home,3,Batting,Cloudy,186
676,19,6,5.12,Away,3,Balanced,Sunny,116
677,17,1,11.74,Home,2,Bowling,Sunny,186
678,5,4,5.52,Home,6,Bowling,Sunny,34
679,4,3,10.49,Home,2,Bowling,Sunny,51
680,10,2,7.88,Away,8,Batting,Overcast,100
681,17,6,8.07,Away,8,Bowling,Sunny,122
682,10,10,8.53,Home,5,Bowling,Cloudy,72
683,17,5,11.21,Home,10,Balanced,Sunny,208
684,20,6,8.34,Away,7,Bowling,Overcast,127
685,5,4,12.33,Away,4,Balanced,Overcast,69
686,2,5,9.05,Away,1,Bowling,Overcast,25
687,6,4,5.68,Home,2,Batting,Cloudy,61
688,2,6,12.84,Away,10,Bowling,Sunny,27
689,13,1,7.86,Away,10,Bowling,Sunny,97
690,11,10,9.33,Home,4,Balanced,Sunny,114
691,11,4,11.85,Home,1,Balanced,Cloudy,148
692,16,5,8.32,Home,8,Balanced,Cloudy,143
693,11,5,5.57,Away,9,Bowling,Overcast,50
694,19,4,8.74,Home,4,Bowling,Overcast,130
695,15,9,14.44,Home,10,Batting,Sunny,275
696,16,6,11.42,Home,3,Bowling,Cloudy,157
697,11,9,11.71,Home,2,Batting,Cloudy,166
698,16,7,11.32,Away,5,Balanced,Sunny,200
699,8,6,6.99,Home,3,Balanced,Sunny,72
700,4,4,9.18,Away,10,Balanced,Overcast,41
701,8,0,12.51,Away,7,Batting,Overcast,128
702,4,4,6.01,Away,6,Bowling,Overcast,27
703,3,9,7.78,Home,1,Balanced,Sunny,36
704,3,1,7.76,Away,8,Bowling,Sunny,33
705,18,4,9.32,Home,2,Bowling,Overcast,133
706,19,4,14.8,Home,5,Balanced,Overcast,266
707,19,1,5.68,Home,9,Batting,Cloudy,147
708,5,4,10.19,Away,8,Bowling,Cloudy,50
709,18,3,6.79,Home,2,Balanced,Overcast,127
710,10,0,14.71,Home,9,Bowling,Overcast,117
711,6,2,6.13,Home,5,Bowling,Cloudy,43
712,1,0,9.04,Away,10,Bowling,Overcast,17
713,5,10,12.38,Away,6,Bowling,Cloudy,53
714,9,4,12.05,Away,3,Bowling,Cloudy,100
715,12,3,9.23,Home,3,Batting,Cloudy,154
716,14,6,8.47,Away,10,Batting,Sunny,157
717,2,4,8.98,Home,8,Balanced,Sunny,30
718,17,9,7.64,Home,10,Batting,Overcast,142
719,14,3,7.05,Away,10,Batting,Cloudy,131
720,13,1,9.83,Home,2,Batting,Sunny,188
721,9,3,7.69,Away,2,Bowling,Overcast,63
722,15,1,7.87,Home,5,Bowling,Overcast,98
723,15,7,11.57,Away,6,Balanced,Overcast,164
724,11,2,14.69,Home,2,Balanced,Overcast,163
725,16,8,11.04,Home,5,Balanced,Overcast,166
726,17,3,5.77,Home,7,Bowling,Cloudy,89
727,4,5,5.76,Home,10,Batting,Overcast,33
728,1,9,14.51,Home,10,Batting,Cloudy,19
729,8,4,7.97,Away,8,Bowling,Sunny,63
730,17,9,5.92,Home,7,Balanced,Overcast,95
731,3,0,10.99,Away,8,Balanced,Sunny,52
732,20,8,11.24,Away,9,Balanced,Cloudy,229
733,15,0,11.49,Away,5,Bowling,Cloudy,154
734,15,7,7.67,Home,5,Balanced,Sunny,131
735,14,8,5.15,Home,10,Balanced,Overcast,68
736,14,8,14.65,Home,4,Bowling,Overcast,154
737,2,0,7.51,Away,9,Batting,Sunny,39
738,13,1,11.76,Home,5,Bowling,Sunny,144
739,14,0,12.07,Home,2,Bowling,Sunny,161
740,19,9,11.1,Away,10,Bowling,Overcast,153
741,7,1,8.13,Away,8,Bowling,Overcast,52
742,3,9,7.71,Away,7,Batting,Overcast,30
743,15,7,10.98,Away,8,Balanced,Sunny,180
744,14,4,13.66,Away,3,Bowling,Overcast,149
745,11,10,14.47,Away,4,Batting,Cloudy,198
746,15,6,6.06,Home,5,Balanced,Sunny,107
747,13,1,6.55,Away,6,Balanced,Overcast,92
748,18,7,14.45,Home,1,Balanced,Sunny,287
749,6,10,12.37,Home,4,Bowling,Cloudy,64
750,3,5,13.83,Home,10,Bowling,Cloudy,39
751,19,7,7.03,Away,5,Balanced,Sunny,150
752,15,0,10.88,Home,7,Balanced,Sunny,190
753,5,0,12.01,Away,5,Balanced,Cloudy,80
754,10,6,11.8,Away,1,Balanced,Sunny,140
755,7,7,9.08,Home,7,Balanced,Cloudy,71
756,17,2,5.15,Away,8,Balanced,Cloudy,102
757,7,4,10.83,Home,7,Batting,Overcast,95
758,12,0,7.53,Home,4,Balanced,Sunny,117
759,17,6,9.5,Away,8,Bowling,Sunny,142
760,13,4,14.58,Home,5,Bowling,Overcast,147
761,20,7,8.99,Home,10,Bowling,Cloudy,147
762,4,7,13.4,Home,9,Balanced,Sunny,62
763,10,8,6.89,Away,10,Bowling,Overcast,52
764,3,6,11.72,Home,5,Batting,Overcast,50
765,9,10,14.77,Away,1,Balanced,Sunny,149
766,13,0,6.02,Away,9,Bowling,Overcast,68
767,18,2,5.08,Home,5,Batting,Cloudy,130
768,15,7,9.34,Home,6,Batting,Overcast,160
769,4,2,5.93,Away,4,Bowling,Cloudy,33
770,15,7,12.48,Away,6,Batting,Cloudy,235
771,2,0,14.15,Home,8,Bowling,Sunny,38
772,15,4,9.34,Home,3,Batting,Overcast,169
773,8,3,7.59,Away,5,Balanced,Cloudy,76
774,8,4,9.34,Away,2,Balanced,Cloudy,92
775,17,7,12.23,Away,2,Balanced,Overcast,198
776,12,9,5.09,Away,7,Balanced,Cloudy,66
777,19,3,10.89,Away,10,Balanced,Overcast,196
778,10,10,11.13,Home,10,Bowling,Sunny,93
779,9,3,11.38,Away,10,Balanced,Cloudy,113
780,5,2,7.42,Away,6,Balanced,Cloudy,53
781,6,6,12.14,Home,4,Balanced,Overcast,76
782,20,2,5.91,Home,5,Balanced,Overcast,122
783,2,2,6.99,Away,1,Batting,Overcast,38
784,13,10,13.77,Away,7,Balanced,Overcast,164
785,6,9,12.39,Home,8,Balanced,Cloudy,78
786,5,4,5.14,Away,9,Bowling,Sunny,30
787,1,4,7.48,Away,8,Batting,Sunny,23
788,6,5,7.14,Home,5,Bowling,Sunny,46
789,6,7,7.71,Away,3,Balanced,Sunny,61
790,16,9,7.48,Home,10,Bowling,Overcast,87
791,4,5,5.63,Home,9,Bowling,Cloudy,25
792,11,0,9.59,Home,6,Balanced,Cloudy,124
793,9,7,12.33,Home,5,Batting,Cloudy,145
794,3,7,11.07,Away,3,Batting,Overcast,48
795,19,8,11.73,Home,6,Bowling,Cloudy,184
796,8,8,5.81,Away,3,Balanced,Overcast,51
797,5,1,14.51,Away,10,Bowling,Cloudy,69
798,4,1,13.38,Away,6,Bowling,Sunny,60
799,6,2,13.05,Away,4,Bowling,Overcast,69
800,2,0,13.23,Away,2,Balanced,Cloudy,49
801,20,3,14.33,Home,8,Balanced,Sunny,314
802,11,3,10.44,Home,4,Batting,Sunny,165
803,4,8,7.0,Home,9,Balanced,Sunny,34
804,15,8,11.17,Home,7,Bowling,Overcast,125
805,6,8,12.43,Away,2,Bowling,Overcast,62
806,17,9,12.38,Home,4,Batting,Cloudy,262
807,6,6,10.21,Away,5,Balanced,Sunny,76
808,19,1,5.68,Away,3,Bowling,Cloudy,103
809,2,9,8.71,Home,9,Batting,Cloudy,24
810,15,4,14.21,Home,5,Batting,Sunny,286
811,11,3,10.84,Home,2,Bowling,Cloudy,110
812,8,10,10.38,Home,3,Bowling,Overcast,65
813,19,7,7.69,Away,9,Balanced,Cloudy,152
814,13,1,8.68,Away,7,Batting,Sunny,163
815,12,5,13.95,Home,2,Bowling,Overcast,132
816,5,4,11.66,Away,9,Batting,Overcast,74
817,6,1,12.87,Away,4,Balanced,Cloudy,97
818,4,10,9.54,Away,9,Bowling,Cloudy,31
819,19,9,11.3,Home,2,Balanced,Overcast,202
820,20,0,7.48,Away,10,Batting,Cloudy,198
821,1,7,12.05,Home,4,Balanced,Sunny,24
822,20,1,9.28,Home,5,Balanced,Cloudy,204
823,17,6,9.43,Away,2,Batting,Cloudy,209
824,12,8,11.49,Away,10,Balanced,Overcast,127
825,15,8,14.36,Home,1,Batting,Cloudy,273
826,1,7,5.64,Away,7,Bowling,Cloudy,11
827,14,10,13.25,Away,10,Batting,Cloudy,223
828,6,9,7.92,Home,1,Batting,Sunny,73
829,5,8,9.44,Home,8,Bowling,Cloudy,42
830,11,1,5.22,Home,3,Batting,Sunny,98
831,4,5,8.01,Home,10,Bowling,Sunny,33
832,13,3,10.03,Away,6,Bowling,Sunny,122
833,11,3,5.56,Away,7,Batting,Sunny,94
834,3,4,9.91,Home,10,Balanced,Overcast,35
835,1,2,14.27,Home,1,Balanced,Sunny,37
836,6,0,6.05,Home,6,Bowling,Cloudy,44
837,18,7,12.64,Away,7,Balanced,Sunny,247
838,10,4,9.1,Home,6,Balanced,Cloudy,104
839,5,2,11.55,Away,4,Batting,Sunny,95
840,10,9,7.6,Home,1,Bowling,Overcast,62
841,12,6,6.59,Home,9,Bowling,Sunny,72
842,2,6,6.6,Home,4,Batting,Sunny,32
843,13,0,5.7,Away,7,Balanced,Overcast,83
844,8,8,6.86,Away,7,Bowling,Sunny,51
845,2,1,11.64,Away,2,Balanced,Cloudy,45
846,20,4,13.82,Home,1,Bowling,Sunny,247
847,1,4,13.14,Away,8,Bowling,Sunny,20
848,5,7,11.85,Away,8,Bowling,Sunny,55
849,9,7,6.1,Home,7,Bowling,Overcast,45
850,17,6,7.89,Home,8,Balanced,Sunny,149
851,9,6,8.1,Away,3,Balanced,Sunny,90
852,11,10,7.5,Away,2,Balanced,Cloudy,90
853,15,5,10.15,Away,7,Balanced,Sunny,171
854,6,5,10.36,Away,8,Batting,Sunny,90
855,3,10,8.57,Home,1,Bowling,Sunny,29
856,17,8,8.54,Home,10,Bowling,Sunny,124
857,5,5,13.29,Home,9,Bowling,Cloudy,60
858,12,1,12.89,Away,4,Batting,Cloudy,209
859,18,1,8.08,Away,4,Balanced,Overcast,148
860,14,4,14.14,Home,3,Bowling,Sunny,180
861,11,3,14.53,Home,6,Balanced,Overcast,157
862,9,10,8.27,Away,1,Balanced,Overcast,75
863,2,1,8.54,Away,6,Batting,Sunny,44
864,12,2,10.06,Home,2,Batting,Cloudy,169
865,3,6,14.41,Home,9,Balanced,Cloudy,50
866,3,7,13.76,Home,2,Bowling,Sunny,45
867,1,5,6.03,Away,7,Bowling,Sunny,14
868,8,10,8.93,Away,1,Batting,Cloudy,97
869,8,4,10.53,Away,7,Batting,Sunny,121
870,11,0,10.03,Away,5,Batting,Sunny,164
871,9,7,6.94,Away,8,Batting,Sunny,87
872,5,2,13.59,Away,4,Batting,Cloudy,103
873,14,5,11.77,Home,10,Batting,Overcast,186
874,3,2,13.38,Home,7,Batting,Overcast,60
875,5,6,13.59,Away,6,Bowling,Sunny,65
876,5,6,12.48,Home,5,Batting,Cloudy,88
877,19,8,9.39,Away,4,Batting,Sunny,236
878,14,4,11.11,Home,7,Bowling,Cloudy,134
879,4,7,6.6,Away,5,Bowling,Sunny,30
880,13,9,11.74,Home,5,Balanced,Cloudy,159
881,10,9,6.79,Home,1,Batting,Cloudy,94
882,18,7,11.94,Away,2,Batting,Overcast,246
883,8,0,7.3,Away,5,Batting,Sunny,99
884,8,4,6.18,Home,3,Batting,Overcast,71
885,7,2,6.65,Home,2,Balanced,Overcast,60
886,8,0,5.02,Away,4,Bowling,Cloudy,49
887,14,3,12.19,Home,4,Bowling,Sunny,157
888,19,7,12.32,Away,4,Batting,Cloudy,293
889,6,2,10.15,Away,4,Batting,Cloudy,95
890,1,9,6.61,Home,3,Batting,Cloudy,18
891,15,1,5.84,Away,7,Balanced,Sunny,109
892,1,10,5.19,Home,9,Balanced,Sunny,6
893,17,8,6.66,Home,5,Bowling,Cloudy,97
894,1,9,13.91,Away,4,Batting,Sunny,27
895,15,4,7.42,Home,2,Batting,Cloudy,154
896,2,6,8.54,Away,2,Batting,Sunny,39
897,14,10,6.05,Away,5,Batting,Sunny,113
898,8,10,7.22,Away,7,Balanced,Overcast,55
899,8,1,10.19,Home,10,Bowling,Cloudy,76
900,19,8,11.08,Away,10,Bowling,Overcast,154
901,7,8,7.45,Home,9,Balanced,Overcast,51
902,19,3,5.58,Away,7,Batting,Cloudy,143
903,6,3,8.91,Away,5,Bowling,Cloudy,55
904,6,5,7.34,Away,10,Bowling,Sunny,43
905,3,9,7.2,Home,10,Balanced,Cloudy,23
906,7,9,14.6,Home,10,Batting,Overcast,112
907,19,9,11.16,Away,6,Bowling,Overcast,157
908,8,5,10.57,Away,3,Batting,Cloudy,119
909,10,0,9.16,Home,5,Bowling,Overcast,80
910,20,8,9.29,Home,8,Balanced,Sunny,200
911,15,1,10.41,Home,1,Batting,Overcast,193
912,15,4,11.96,Away,1,Balanced,Sunny,207
913,1,8,12.02,Home,7,Bowling,Overcast,13
914,20,3,6.72,Away,5,Balanced,Sunny,157
915,7,10,10.0,Home,5,Balanced,Sunny,79
916,4,2,9.12,Away,1,Balanced,Cloudy,57
917,6,6,13.71,Away,9,Bowling,Sunny,75
918,1,5,11.31,Away,1,Batting,Cloudy,33
919,5,7,10.33,Home,5,Balanced,Overcast,55
920,1,2,6.15,Home,10,Batting,Overcast,20
921,4,4,11.06,Home,9,Bowling,Overcast,39
922,2,9,6.17,Away,4,Batting,Sunny,25
923,10,3,8.37,Away,8,Balanced,Overcast,87
924,5,3,6.43,Home,6,Balanced,Overcast,42
925,10,3,11.92,Away,3,Balanced,Cloudy,137
926,1,9,7.06,Away,4,Balanced,Cloudy,15
927,6,7,8.92,Away,2,Balanced,Overcast,59
928,13,5,13.96,Home,1,Balanced,Overcast,178
929,15,2,7.04,Away,8,Bowling,Sunny,100
930,4,9,10.08,Home,1,Bowling,Sunny,43
931,13,4,9.19,Home,1,Bowling,Overcast,99
932,20,5,5.18,Home,4,Batting,Cloudy,141
933,15,4,12.93,Home,10,Batting,Overcast,219
934,8,5,5.69,Home,10,Bowling,Sunny,45
935,5,7,9.74,Away,6,Batting,Cloudy,69
936,15,6,10.61,Home,9,Batting,Cloudy,199
937,4,4,11.28,Home,1,Balanced,Sunny,66
938,12,9,11.89,Home,7,Balanced,Overcast,132
939,13,5,7.53,Away,10,Batting,Overcast,114
940,2,3,5.1,Away,5,Batting,Overcast,28
941,19,8,12.23,Away,8,Bowling,Sunny,199
942,19,3,10.36,Away,7,Batting,Cloudy,252
943,4,0,13.36,Home,4,Balanced,Sunny,78
944,4,6,13.21,Home,4,Batting,Overcast,70
945,11,6,13.43,Away,6,Bowling,Sunny,132
946,5,3,9.85,Away,6,Balanced,Cloudy,64
947,20,2,8.34,Away,9,Balanced,Sunny,189
948,11,7,12.92,Away,5,Balanced,Overcast,136
949,10,4,9.51,Home,8,Balanced,Cloudy,106
950,8,9,6.83,Away,5,Batting,Sunny,77
951,6,6,13.55,Away,2,Bowling,Sunny,80
952,6,3,13.83,Away,6,Batting,Cloudy,117
953,8,3,9.66,Away,9,Batting,Cloudy,107
954,15,7,5.76,Away,3,Balanced,Overcast,88
955,14,7,8.88,Away,1,Bowling,Cloudy,110
956,11,1,13.04,Away,1,Balanced,Overcast,149
957,12,1,14.02,Home,3,Batting,Sunny,238
958,13,2,7.03,Home,10,Batting,Overcast,112
959,8,2,5.67,Home,5,Balanced,Sunny,65
960,18,0,13.77,Home,3,Batting,Cloudy,324
961,1,2,8.89,Home,9,Batting,Sunny,28
962,15,5,10.42,Home,8,Balanced,Cloudy,166
963,8,7,14.68,Away,3,Batting,Sunny,162
964,11,9,5.67,Away,9,Bowling,Sunny,54
965,12,5,11.48,Home,6,Balanced,Sunny,157
966,12,4,5.74,Away,7,Bowling,Sunny,68
967,4,3,8.75,Home,4,Batting,Overcast,56
968,16,2,13.04,Away,4,Batting,Sunny,286
969,4,3,9.33,Away,2,Balanced,Overcast,50
970,5,6,14.97,Away,5,Batting,Cloudy,103
971,5,0,10.59,Away,8,Balanced,Cloudy,70
972,8,6,8.21,Away,7,Balanced,Overcast,67
973,10,0,7.2,Away,7,Balanced,Cloudy,90
974,17,1,8.51,Home,6,Balanced,Cloudy,162
975,9,3,8.73,Home,3,Balanced,Sunny,101
976,19,0,5.69,Away,5,Bowling,Sunny,108
977,14,10,8.7,Home,1,Balanced,Sunny,137
978,8,10,9.64,Away,7,Bowling,Overcast,58
979,9,10,12.23,Home,9,Batting,Overcast,120
980,11,8,11.57,Away,1,Balanced,Cloudy,139
981,1,5,12.09,Home,2,Batting,Sunny,35
982,14,0,5.08,Away,3,Balanced,Overcast,84
983,5,0,7.18,Home,3,Bowling,Overcast,42
984,14,5,11.62,Away,8,Bowling,Sunny,145
985,4,3,9.84,Home,7,Bowling,Overcast,38
986,1,3,5.05,Away,6,Batting,Sunny,25
987,19,10,13.04,Away,10,Balanced,Cloudy,248
988,8,5,12.73,Away,10,Batting,Cloudy,131
989,15,10,10.48,Home,4,Bowling,Cloudy,131
990,15,6,5.66,Home,9,Batting,Sunny,116
991,9,8,12.67,Home,1,Bowling,Overcast,91
992,9,9,10.84,Away,2,Bowling,Cloudy,86
993,10,4,12.82,Home,4,Bowling,Cloudy,115
994,20,8,12.52,Away,3,Balanced,Cloudy,260
995,9,3,13.03,Home,1,Balanced,Overcast,123
996,3,9,10.18,Home,5,Bowling,Overcast,27
997,20,1,6.4,Home,7,Batting,Sunny,182
998,11,2,11.71,Home,2,Batting,Cloudy,179
999,6,10,11.2,Away,5,Balanced,Overcast,65
1000,2,0,12.42,Home,6,Bowling,Sunny,37
1001,7,5,6.7,Home,7,Batting,Cloudy,69
1002,18,5,6.95,Away,1,Bowling,Overcast,102
1003,2,0,13.9,Away,7,Batting,Overcast,49
1004,17,10,12.5,Home,4,Balanced,Sunny,229
1005,11,2,14.08,Home,8,Bowling,Cloudy,135
1006,12,4,12.59,Away,4,Bowling,Cloudy,133
1007,19,2,10.97,Away,6,Batting,Overcast,242
1008,7,9,11.54,Away,9,Batting,Cloudy,100
1009,20,2,13.89,Home,5,Batting,Sunny,371
1010,6,9,10.79,Home,4,Bowling,Overcast,52
1011,1,2,11.32,Home,8,Balanced,Overcast,23
1012,17,4,6.56,Away,9,Balanced,Sunny,128
1013,11,4,9.74,Away,4,Batting,Overcast,132
1014,18,3,12.16,Away,3,Balanced,Cloudy,236
1015,17,0,7.71,Home,8,Batting,Cloudy,178
1016,7,4,7.02,Away,5,Balanced,Overcast,57
1017,17,9,8.14,Home,2,Bowling,Sunny,124
1018,20,4,7.42,Away,10,Batting,Sunny,198
1019,9,3,7.15,Home,9,Balanced,Cloudy,76
1020,17,5,9.25,Home,3,Bowling,Sunny,144
1021,20,9,14.08,Away,2,Balanced,Overcast,262
1022,8,3,10.07,Home,1,Bowling,Overcast,72
1023,17,6,6.88,Away,8,Bowling,Cloudy,100
1024,7,6,5.77,Home,3,Balanced,Cloudy,53
1025,1,1,11.96,Away,7,Balanced,Cloudy,28
1026,13,2,8.83,Away,1,Bowling,Sunny,114
1027,19,0,13.22,Home,1,Bowling,Overcast,198
1028,19,7,11.6,Away,9,Bowling,Overcast,163
1029,17,8,12.96,Home,8,Batting,Overcast,243
1030,13,3,7.72,Away,3,Bowling,Cloudy,94
1031,16,5,11.92,Away,6,Batting,Overcast,218
1032,8,8,7.64,Away,3,Bowling,Sunny,60
1033,19,5,14.39,Away,4,Batting,Sunny,362
1034,18,8,11.36,Home,1,Bowling,Overcast,156
1035,1,3,8.25,Away,5,Bowling,Cloudy,19
1036,14,7,7.7,Away,1,Bowling,Overcast,87
1037,19,8,6.91,Home,1,Balanced,Sunny,150
1038,15,3,11.95,Home,10,Balanced,Sunny,199
1039,18,4,7.19,Home,7,Bowling,Sunny,119
1040,2,7,10.95,Home,6,Batting,Overcast,33
1041,17,9,7.65,Home,2,Batting,Sunny,176
1042,18,5,11.62,Home,2,Bowling,Cloudy,180
1043,6,6,13.15,Away,7,Balanced,Overcast,79
1044,19,2,12.78,Home,1,Batting,Overcast,285
1045,4,6,12.61,Away,2,Balanced,Sunny,68
1046,1,7,6.88,Home,8,Batting,Sunny,17
1047,8,9,5.88,Away,6,Bowling,Cloudy,42
1048,7,5,11.99,Away,2,Balanced,Overcast,89
1049,3,9,8.68,Away,7,Batting,Sunny,38
1050,10,8,9.32,Home,4,Bowling,Cloudy,82
1051,10,5,5.31,Home,2,Bowling,Sunny,58
1052,19,8,7.6,Home,6,Bowling,Overcast,109
1053,14,3,5.34,Home,9,Balanced,Sunny,91
1054,2,7,13.79,Away,9,Balanced,Overcast,30
1055,1,10,7.43,Home,8,Bowling,Sunny,8
1056,18,3,10.57,Away,3,Balanced,Overcast,187
1057,7,1,5.39,Away,3,Batting,Cloudy,70
1058,8,9,11.67,Home,2,Bowling,Overcast,74
1059,1,10,8.23,Home,5,Bowling,Cloudy,11
1060,3,8,13.98,Home,4,Balanced,Overcast,46
1061,8,4,13.88,Away,7,Bowling,Cloudy,98
1062,15,3,8.25,Home,4,Batting,Sunny,177
1063,5,1,14.01,Away,9,Balanced,Overcast,76
1064,3,0,14.96,Home,2,Balanced,Sunny,71
1065,19,10,13.25,Away,6,Bowling,Cloudy,205
1066,1,6,13.45,Home,7,Bowling,Overcast,16
1067,15,5,7.49,Home,4,Bowling,Overcast,91
1068,8,1,10.77,Away,6,Balanced,Sunny,109
1069,2,7,5.67,Home,7,Bowling,Overcast,14
1070,3,10,5.95,Home,4,Batting,Overcast,26
1071,14,3,14.99,Home,8,Bowling,Sunny,187
1072,14,7,8.27,Home,9,Bowling,Overcast,87
1073,11,6,12.48,Home,1,Balanced,Sunny,160
1074,16,4,13.07,Home,7,Bowling,Sunny,186
1075,4,9,13.58,Home,9,Balanced,Sunny,60
1076,20,9,14.98,Away,10,Bowling,Sunny,253
1077,5,7,7.41,Away,5,Batting,Sunny,59
1078,14,8,5.4,Home,2,Batting,Cloudy,104
1079,16,4,9.11,Home,10,Balanced,Cloudy,155
1080,18,9,6.3,Home,6,Balanced,Sunny,125
1081,7,4,5.22,Away,7,Bowling,Cloudy,39
1082,10,1,8.6,Away,2,Bowling,Cloudy,86
1083,7,4,12.84,Home,2,Batting,Overcast,115
1084,1,2,10.66,Away,10,Bowling,Sunny,19
1085,19,6,8.13,Home,10,Batting,Cloudy,193
1086,16,9,11.54,Home,1,Balanced,Overcast,176
1087,19,4,7.32,Home,4,Bowling,Overcast,111
1088,4,7,5.14,Home,7,Balanced,Sunny,29
1089,18,0,12.64,Away,9,Bowling,Sunny,205
1090,2,2,11.24,Away,3,Batting,Overcast,45
1091,1,2,12.62,Home,7,Balanced,Sunny,29
1092,15,8,5.39,Away,7,Balanced,Sunny,91
1093,5,4,13.37,Away,7,Bowling,Overcast,57
1094,20,8,11.2,Home,2,Balanced,Overcast,212
1095,11,8,10.63,Away,6,Batting,Sunny,156
1096,10,0,11.25,Home,2,Balanced,Cloudy,136
1097,2,1,13.64,Home,6,Balanced,Sunny,47
1098,3,4,10.87,Home,10,Bowling,Cloudy,33
1099,12,3,10.81,Home,3,Balanced,Overcast,132
1100,20,9,14.91,Away,2,Bowling,Cloudy,246
1101,5,8,12.57,Home,6,Bowling,Overcast,50
1102,5,6,9.42,Away,2,Balanced,Sunny,64
1103,6,5,12.07,Home,5,Batting,Sunny,107
1104,9,6,8.89,Home,2,Bowling,Overcast,68
1105,2,0,7.29,Away,3,Balanced,Overcast,33
1106,12,0,10.97,Home,3,Bowling,Overcast,111
1107,3,7,14.28,Away,6,Batting,Sunny,65
1108,20,1,14.29,Away,6,Batting,Sunny,382
1109,12,9,8.42,Home,10,Bowling,Cloudy,82
1110,17,10,10.28,Home,3,Batting,Overcast,196
1111,10,8,7.12,Home,3,Balanced,Cloudy,81
1112,14,6,14.96,Home,1,Balanced,Sunny,236
1113,17,5,14.81,Home,7,Bowling,Cloudy,210
1114,18,0,11.5,Home,8,Batting,Cloudy,269
1115,19,0,13.04,Away,2,Balanced,Sunny,284
1116,17,1,12.15,Away,4,Balanced,Sunny,237
1117,14,5,10.93,Home,10,Balanced,Overcast,144
1118,9,5,5.53,Away,7,Bowling,Cloudy,48
1119,8,1,9.55,Away,8,Bowling,Sunny,77
1120,2,0,11.75,Home,1,Balanced,Sunny,50
1121,13,9,11.78,Home,4,Balanced,Cloudy,161
1122,7,4,8.73,Away,6,Batting,Sunny,93
1123,9,4,14.42,Home,3,Batting,Overcast,157
1124,11,1,6.67,Away,5,Batting,Overcast,99
1125,14,5,10.0,Home,10,Bowling,Cloudy,118
1126,4,8,11.91,Away,9,Balanced,Overcast,46
1127,13,1,11.97,Away,3,Bowling,Sunny,148
1128,2,9,11.49,Away,5,Balanced,Sunny,31
1129,5,1,7.75,Away,8,Batting,Sunny,68
1130,11,2,6.56,Home,6,Batting,Sunny,111
1131,6,6,11.36,Home,4,Batting,Cloudy,96
1132,18,5,10.99,Away,8,Batting,Overcast,224
1133,10,7,6.79,Away,3,Balanced,Overcast,71
1134,4,7,12.05,Home,3,Batting,Sunny,75
1135,9,5,9.55,Home,4,Balanced,Cloudy,99
1136,6,10,11.68,Away,9,Balanced,Sunny,75
1137,2,9,13.37,Away,5,Bowling,Sunny,28
1138,17,2,6.7,Away,8,Batting,Cloudy,153
1139,5,2,5.19,Away,6,Batting,Cloudy,50
1140,6,0,12.79,Away,3,Bowling,Sunny,83
1141,12,6,11.1,Home,8,Balanced,Overcast,127
1142,10,4,12.0,Away,9,Batting,Sunny,164
1143,6,3,13.38,Home,8,Balanced,Overcast,84
1144,8,9,13.03,Home,4,Bowling,Overcast,80
1145,2,3,14.61,Home,6,Balanced,Cloudy,44
1146,12,3,10.36,Away,1,Batting,Cloudy,173
1147,13,5,9.88,Home,4,Balanced,Sunny,149
1148,7,7,9.02,Home,8,Balanced,Overcast,63
1149,10,7,6.54,Home,1,Batting,Overcast,85
1150,13,4,10.73,Home,3,Batting,Sunny,196
1151,17,5,7.77,Away,1,Balanced,Sunny,156
1152,14,3,14.21,Away,9,Balanced,Sunny,221
1153,2,10,10.83,Home,2,Bowling,Cloudy,24
1154,11,8,10.93,Home,9,Batting,Sunny,157
1155,1,7,8.55,Away,4,Balanced,Sunny,20
1156,19,9,5.52,Away,2,Batting,Overcast,124
1157,4,9,5.32,Away,4,Bowling,Sunny,24
1158,19,0,9.23,Home,10,Balanced,Overcast,171
1159,11,1,5.85,Away,6,Balanced,Overcast,74
1160,8,8,11.07,Home,7,Balanced,Cloudy,95
1161,11,7,13.81,Home,3,Batting,Sunny,206
1162,4,2,13.83,Away,3,Bowling,Sunny,62
1163,17,7,11.59,Home,10,Batting,Overcast,218
1164,7,0,7.11,Away,8,Balanced,Cloudy,67
1165,8,9,13.63,Home,5,Bowling,Cloudy,92
1166,3,3,13.86,Away,4,Balanced,Sunny,61
1167,2,2,6.97,Home,7,Balanced,Overcast,26
1168,15,5,12.37,Home,7,Batting,Sunny,247
1169,5,6,7.87,Away,9,Balanced,Sunny,49
1170,1,3,13.03,Away,9,Bowling,Sunny,21
1171,4,6,14.97,Away,5,Balanced,Sunny,74
1172,15,8,5.3,Away,8,Balanced,Overcast,76
1173,20,10,13.97,Home,10,Batting,Cloudy,335
1174,19,1,11.23,Away,1,Bowling,Sunny,198
1175,3,10,14.73,Away,9,Batting,Sunny,57
1176,20,2,9.65,Home,8,Balanced,Sunny,217
1177,11,4,13.47,Away,6,Batting,Sunny,203
1178,17,2,5.62,Away,3,Batting,Cloudy,137
1179,13,10,8.35,Home,3,Batting,Cloudy,139
1180,11,7,5.67,Away,8,Batting,Cloudy,83
1181,2,9,14.75,Away,5,Balanced,Cloudy,36
1182,9,7,13.17,Away,10,Balanced,Sunny,129
1183,2,7,13.53,Away,7,Bowling,Overcast,25
1184,9,8,14.38,Away,5,Batting,Cloudy,165
1185,9,3,5.85,Away,8,Batting,Cloudy,78
1186,8,4,8.86,Home,10,Bowling,Sunny,67
1187,17,4,5.71,Away,10,Batting,Sunny,134
1188,1,7,7.11,Home,4,Bowling,Sunny,15
1189,11,6,7.29,Home,2,Balanced,Sunny,99
1190,8,8,9.69,Home,3,Bowling,Overcast,63
1191,10,7,7.69,Home,8,Batting,Overcast,90
1192,7,1,6.01,Away,7,Bowling,Cloudy,47
1193,3,9,6.67,Away,2,Balanced,Overcast,27
1194,3,3,6.47,Away,6,Batting,Cloudy,41
1195,18,5,14.73,Home,9,Balanced,Cloudy,274
1196,5,1,12.59,Away,4,Balanced,Overcast,74
1197,12,6,14.68,Away,9,Bowling,Cloudy,147
1198,12,2,9.4,Away,2,Balanced,Sunny,139
1199,19,2,7.78,Home,2,Batting,Cloudy,201
1200,6,10,12.98,Home,9,Balanced,Sunny,83
1201,2,1,8.26,Away,7,Balanced,Overcast,30
1202,12,10,7.99,Home,7,Bowling,Overcast,71
1203,19,7,7.33,Home,1,Balanced,Cloudy,153
1204,5,5,6.3,Away,6,Bowling,Sunny,36
1205,12,0,7.56,Home,7,Bowling,Cloudy,87
1206,17,0,8.55,Home,6,Batting,Overcast,177
1207,17,6,11.74,Away,6,Batting,Cloudy,251
1208,10,7,5.63,Home,2,Batting,Cloudy,83
1209,17,4,7.11,Home,6,Batting,Sunny,169
1210,15,10,13.09,Home,4,Bowling,Overcast,146
1211,12,4,6.47,Home,9,Balanced,Cloudy,88
1212,16,3,8.43,Home,1,Batting,Sunny,195
1213,19,5,13.65,Home,8,Batting,Cloudy,323
1214,8,5,6.55,Home,5,Batting,Sunny,82
1215,17,2,5.83,Home,1,Balanced,Sunny,126
1216,5,8,9.85,Away,4,Batting,Cloudy,70
1217,16,10,8.02,Away,1,Balanced,Overcast,124
1218,6,6,10.63,Away,6,Bowling,Overcast,53
1219,8,0,13.04,Away,2,Bowling,Sunny,107
1220,18,6,6.37,Home,5,Bowling,Overcast,90
1221,12,4,10.81,Away,7,Balanced,Sunny,149
1222,15,4,10.06,Away,2,Batting,Overcast,181
1223,9,1,6.44,Home,6,Batting,Cloudy,91
1224,13,3,11.24,Home,6,Batting,Overcast,173
1225,15,5,7.74,Home,5,Batting,Sunny,162
1226,10,9,9.88,Home,5,Batting,Sunny,133
1227,16,10,5.82,Home,3,Balanced,Overcast,90
1228,7,6,9.6,Away,10,Bowling,Cloudy,59
1229,17,10,8.06,Home,10,Batting,Sunny,173
1230,7,4,13.22,Away,2,Bowling,Sunny,92
1231,14,8,5.57,Away,7,Balanced,Sunny,88
1232,15,2,9.19,Home,1,Balanced,Sunny,167
1233,7,0,9.58,Away,6,Batting,Sunny,108
1234,9,3,12.25,Away,6,Balanced,Cloudy,125
1235,19,8,10.74,Home,3,Bowling,Overcast,154
1236,16,3,11.67,Away,2,Batting,Cloudy,246
1237,8,1,12.77,Away,2,Batting,Cloudy,148
1238,18,9,13.62,Away,9,Bowling,Sunny,208
1239,18,4,8.14,Home,5,Batting,Cloudy,193
1240,20,2,10.38,Home,7,Batting,Sunny,280
1241,7,8,13.4,Home,5,Bowling,Cloudy,81
1242,3,3,14.89,Away,7,Batting,Sunny,73
1243,18,5,13.9,Home,4,Batting,Sunny,332
1244,10,1,8.71,Away,8,Bowling,Cloudy,82
1245,7,5,6.95,Home,10,Balanced,Cloudy,56
1246,17,2,9.89,Away,10,Bowling,Overcast,130
1247,14,8,12.42,Home,7,Batting,Overcast,194
1248,3,10,9.93,Home,10,Bowling,Overcast,21
1249,12,1,9.83,Away,5,Batting,Cloudy,164
1250,13,8,13.38,Home,6,Batting,Cloudy,217
1251,2,4,8.61,Away,5,Bowling,Sunny,26
1252,3,7,13.6,Home,7,Batting,Overcast,52
1253,5,1,9.07,Home,2,Balanced,Sunny,70
1254,11,5,8.28,Away,5,Batting,Sunny,131
1255,8,2,9.54,Away,10,Bowling,Sunny,74
1256,12,9,12.62,Away,3,Balanced,Sunny,168
1257,7,4,6.26,Home,9,Balanced,Overcast,48
1258,15,7,6.96,Away,6,Batting,Sunny,142
1259,17,9,14.51,Home,10,Bowling,Cloudy,199
1260,4,0,6.75,Away,3,Batting,Cloudy,59
1261,13,4,10.68,Away,7,Batting,Cloudy,181
1262,18,2,10.79,Away,4,Bowling,Overcast,153
1263,1,3,9.9,Away,3,Bowling,Sunny,23
1264,16,1,11.45,Away,8,Batting,Overcast,215
1265,13,8,7.3,Away,4,Balanced,Sunny,109
1266,10,2,10.53,Home,1,Batting,Overcast,136
1267,12,1,8.72,Away,6,Balanced,Overcast,110
1268,2,9,11.62,Home,10,Batting,Sunny,31
1269,3,10,6.41,Away,1,Bowling,Overcast,20
1270,10,8,10.71,Away,5,Balanced,Sunny,121
1271,2,6,6.85,Away,7,Bowling,Cloudy,18
1272,13,5,7.79,Home,6,Bowling,Cloudy,90
1273,13,0,7.19,Home,2,Bowling,Cloudy,93
1274,18,4,6.83,Away,4,Bowling,Overcast,99
1275,3,10,13.26,Home,2,Bowling,Cloudy,38
1276,7,10,7.86,Away,1,Batting,Sunny,81
1277,14,2,14.27,Away,3,Balanced,Cloudy,219
1278,20,0,14.7,Home,3,Batting,Cloudy,379
1279,17,3,10.71,Home,7,Batting,Overcast,211
1280,12,1,6.43,Home,1,Batting,Sunny,126
1281,16,1,8.75,Home,9,Bowling,Overcast,111
1282,12,2,12.98,Away,6,Batting,Overcast,186
1283,15,7,8.67,Home,4,Balanced,Sunny,148
1284,10,7,5.87,Home,3,Batting,Overcast,76
1285,7,6,10.57,Away,3,Bowling,Sunny,73
1286,20,5,13.45,Home,2,Balanced,Cloudy,284
1287,5,8,12.96,Home,2,Balanced,Sunny,80
1288,1,3,6.75,Home,10,Balanced,Sunny,18
1289,17,0,11.73,Home,5,Balanced,Sunny,230
1290,3,7,7.21,Away,9,Batting,Overcast,29
1291,13,6,7.18,Away,2,Bowling,Sunny,90
1292,14,6,13.74,Home,2,Balanced,Sunny,217
1293,18,2,7.5,Home,6,Balanced,Sunny,159
1294,4,3,7.63,Away,10,Bowling,Cloudy,33
1295,18,9,5.01,Home,2,Batting,Sunny,126
1296,5,8,13.71,Home,4,Balanced,Overcast,70
1297,16,5,12.93,Home,6,Batting,Sunny,275
1298,1,4,11.27,Home,5,Batting,Sunny,32
1299,14,2,12.5,Home,1,Batting,Cloudy,235
1300,15,8,6.52,Home,6,Batting,Sunny,132
1301,9,4,9.58,Home,1,Balanced,Overcast,94
1302,15,4,8.51,Home,3,Balanced,Sunny,151
1303,17,3,5.94,Home,10,Batting,Overcast,120
1304,4,3,9.86,Away,5,Batting,Cloudy,66
1305,12,0,14.21,Away,10,Bowling,Sunny,156
1306,5,6,5.4,Away,5,Bowling,Cloudy,30
1307,5,8,7.91,Home,10,Bowling,Sunny,36
1308,11,2,7.08,Home,6,Balanced,Overcast,84
1309,6,1,7.38,Away,10,Bowling,Cloudy,46
1310,7,2,14.08,Home,8,Balanced,Sunny,118
1311,14,0,9.68,Away,5,Balanced,Overcast,140
1312,11,5,9.66,Home,1,Balanced,Cloudy,123
1313,13,10,12.61,Away,5,Balanced,Sunny,177
1314,2,10,6.54,Away,3,Bowling,Cloudy,16
1315,7,6,9.87,Away,4,Batting,Sunny,102
1316,20,10,9.3,Home,8,Batting,Overcast,203
1317,4,10,10.97,Away,7,Batting,Overcast,51
1318,8,1,15.0,Home,5,Bowling,Cloudy,111
1319,20,7,12.69,Home,2,Batting,Cloudy,320
1320,19,5,8.98,Home,6,Bowling,Sunny,153
1321,13,3,13.28,Home,6,Bowling,Overcast,135
1322,14,4,6.71,Home,10,Bowling,Sunny,86
1323,10,7,5.3,Home,10,Batting,Overcast,62
1324,11,2,7.04,Home,6,Batting,Cloudy,112
1325,2,2,8.4,Away,9,Batting,Sunny,38
1326,9,10,10.11,Away,8,Balanced,Sunny,98
1327,17,3,11.15,Away,8,Bowling,Overcast,145
1328,3,0,14.11,Home,1,Balanced,Overcast,60
1329,6,8,10.1,Home,5,Bowling,Overcast,49
1330,5,7,10.01,Home,7,Batting,Cloudy,69
1331,5,7,5.5,Home,6,Bowling,Sunny,30
1332,15,9,5.35,Away,5,Bowling,Overcast,62
1333,17,5,10.51,Home,8,Balanced,Cloudy,188
1334,9,6,9.38,Away,3,Bowling,Overcast,70
1335,3,5,13.39,Home,6,Batting,Sunny,65
1336,20,8,6.61,Away,5,Bowling,Overcast,101
1337,17,2,5.25,Home,8,Bowling,Sunny,87
1338,10,2,9.49,Away,4,Bowling,Cloudy,90
1339,3,2,7.37,Home,8,Balanced,Cloudy,36
1340,18,9,5.5,Away,10,Bowling,Overcast,72
1341,18,2,12.25,Home,2,Bowling,Sunny,202
1342,17,8,6.12,Away,9,Balanced,Sunny,113
1343,3,3,11.08,Away,9,Balanced,Sunny,47
1344,3,6,7.81,Home,10,Balanced,Overcast,26
1345,6,8,6.73,Away,10,Balanced,Sunny,46
1346,13,10,8.8,Home,6,Batting,Sunny,149
1347,15,6,13.01,Home,4,Batting,Sunny,261
1348,9,8,8.92,Home,4,Bowling,Sunny,75
1349,4,2,12.51,Away,6,Batting,Overcast,71
1350,14,3,6.25,Away,5,Bowling,Overcast,74
1351,5,7,12.73,Home,6,Batting,Sunny,91
1352,2,5,7.37,Home,7,Balanced,Sunny,27
1353,11,4,11.77,Away,7,Balanced,Cloudy,141
1354,9,3,10.66,Away,9,Batting,Cloudy,129
1355,3,7,14.29,Away,8,Batting,Sunny,62
1356,9,0,8.87,Home,6,Bowling,Sunny,83
1357,3,8,5.66,Home,6,Bowling,Cloudy,19
1358,2,0,5.19,Home,5,Bowling,Cloudy,24
1359,12,7,13.27,Home,1,Balanced,Sunny,181
1360,10,3,10.25,Home,9,Balanced,Overcast,103
1361,9,8,12.75,Away,9,Balanced,Overcast,107
1362,15,10,7.34,Home,9,Balanced,Sunny,117
1363,8,4,8.45,Away,8,Bowling,Sunny,66
1364,5,2,5.3,Away,10,Balanced,Cloudy,38
1365,11,8,14.61,Home,3,Balanced,Cloudy,171
1366,2,10,11.68,Away,1,Balanced,Overcast,29
1367,15,8,14.33,Home,8,Balanced,Sunny,231
1368,6,3,7.65,Away,7,Batting,Cloudy,71
1369,8,10,11.11,Home,5,Bowling,Overcast,68
1370,5,3,11.78,Home,10,Bowling,Overcast,50
1371,16,7,8.18,Away,7,Balanced,Overcast,125
1372,18,1,13.48,Home,10,Batting,Cloudy,307
1373,6,8,14.47,Away,4,Bowling,Cloudy,77
1374,5,5,13.85,Home,9,Bowling,Sunny,65
1375,16,8,12.39,Home,10,Balanced,Sunny,211
1376,13,7,7.77,Home,2,Balanced,Overcast,102
1377,5,6,7.82,Away,9,Bowling,Overcast,33
1378,13,0,14.63,Away,9,Bowling,Cloudy,165
1379,17,2,5.1,Home,5,Batting,Cloudy,124
1380,18,10,12.16,Away,1,Bowling,Sunny,191
1381,8,1,12.06,Home,7,Bowling,Sunny,95
1382,13,4,11.23,Away,10,Balanced,Sunny,163
1383,19,4,14.9,Away,10,Bowling,Cloudy,234
1384,3,4,8.12,Home,4,Balanced,Overcast,35
1385,8,3,8.4,Home,9,Bowling,Sunny,66
1386,2,4,5.79,Home,6,Bowling,Sunny,21
1387,8,2,9.43,Home,3,Bowling,Cloudy,76
1388,13,0,7.61,Home,6,Batting,Sunny,149
1389,13,4,8.43,Away,10,Balanced,Overcast,107
1390,1,8,13.35,Away,6,Batting,Cloudy,24
1391,6,8,14.35,Home,5,Bowling,Sunny,79
1392,19,3,6.86,Home,2,Batting,Sunny,188
1393,16,2,8.73,Home,10,Balanced,Cloudy,152
1394,8,0,14.29,Away,10,Bowling,Cloudy,103
1395,1,1,5.62,Home,2,Batting,Sunny,34
1396,16,7,5.92,Home,7,Batting,Overcast,110
1397,9,0,6.63,Away,2,Balanced,Cloudy,83
1398,13,7,10.95,Away,6,Batting,Overcast,163
1399,11,6,6.5,Away,5,Balanced,Sunny,87
1400,13,7,14.68,Away,4,Bowling,Overcast,145
1401,10,5,9.47,Home,7,Bowling,Sunny,88
1402,4,8,10.02,Away,8,Batting,Sunny,57
1403,6,2,7.47,Away,4,Bowling,Sunny,53
1404,7,9,9.71,Home,1,Bowling,Sunny,66
1405,5,3,11.62,Home,1,Batting,Overcast,84
1406,11,5,12.51,Home,1,Bowling,Sunny,129
1407,13,7,12.54,Away,1,Batting,Sunny,222
1408,19,4,10.78,Home,5,Balanced,Overcast,197
1409,10,2,14.04,Away,4,Balanced,Cloudy,158
1410,10,5,13.17,Away,9,Balanced,Overcast,126
1411,11,3,12.57,Away,3,Batting,Overcast,168
1412,7,8,5.56,Home,7,Batting,Overcast,49
1413,18,2,5.07,Away,8,Bowling,Sunny,88
1414,4,3,7.12,Home,6,Bowling,Sunny,36
1415,2,6,11.64,Home,10,Bowling,Sunny,25
1416,14,6,9.11,Home,1,Bowling,Cloudy,114
1417,13,3,9.02,Away,8,Bowling,Sunny,109
1418,12,5,13.85,Away,10,Batting,Cloudy,208
1419,7,2,13.96,Away,3,Batting,Sunny,147
1420,2,5,14.09,Home,8,Balanced,Overcast,34
1421,13,1,8.14,Away,4,Balanced,Sunny,132
1422,14,7,11.91,Away,8,Balanced,Cloudy,173
1423,17,1,7.72,Away,1,Balanced,Cloudy,154
1424,9,10,6.91,Away,3,Batting,Sunny,87
1425,17,6,6.85,Away,6,Batting,Overcast,137
1426,8,8,8.42,Home,9,Batting,Sunny,90
1427,2,0,9.3,Home,2,Bowling,Sunny,35
1428,13,7,13.31,Home,1,Bowling,Sunny,157
1429,3,6,6.2,Home,10,Balanced,Overcast,22
1430,16,5,12.35,Away,3,Bowling,Cloudy,170
1431,6,5,10.31,Home,4,Batting,Overcast,81
1432,19,5,7.88,Away,5,Balanced,Cloudy,162
1433,7,8,9.93,Home,3,Balanced,Cloudy,80
1434,10,1,8.0,Home,10,Bowling,Cloudy,75
1435,9,0,10.96,Home,2,Balanced,Overcast,109
1436,2,5,9.34,Away,2,Bowling,Sunny,29
1437,15,9,6.64,Away,7,Bowling,Sunny,87
1438,5,10,6.17,Home,9,Balanced,Sunny,33
1439,4,7,10.47,Away,10,Bowling,Sunny,39
1440,20,2,14.02,Home,2,Bowling,Sunny,252
1441,4,9,8.44,Home,7,Bowling,Overcast,28
1442,18,0,12.33,Home,7,Bowling,Overcast,173
1443,4,8,11.59,Away,7,Balanced,Overcast,47
1444,17,0,14.32,Home,3,Batting,Overcast,287
1445,12,2,13.21,Home,7,Batting,Overcast,187
1446,17,7,10.67,Home,1,Bowling,Overcast,140
1447,10,2,11.57,Away,10,Bowling,Overcast,92
1448,1,3,13.98,Home,1,Bowling,Sunny,28
1449,18,7,9.0,Away,5,Batting,Cloudy,206
1450,18,0,8.27,Home,2,Bowling,Overcast,124
1451,14,5,5.11,Away,9,Balanced,Cloudy,80
1452,15,0,13.27,Home,7,Balanced,Overcast,195
1453,12,0,13.01,Home,4,Balanced,Overcast,159
1454,4,7,6.04,Away,4,Batting,Sunny,44
1455,3,10,10.77,Away,2,Bowling,Cloudy,32
1456,20,3,9.64,Home,5,Bowling,Sunny,175
1457,12,0,6.19,Away,4,Bowling,Sunny,80
1458,7,9,14.81,Home,1,Batting,Cloudy,137
1459,11,6,7.15,Home,8,Batting,Sunny,109
1460,1,4,5.67,Home,3,Batting,Overcast,23
1461,6,4,10.95,Away,6,Batting,Overcast,85
1462,15,0,12.39,Home,4,Balanced,Overcast,186
1463,15,9,5.32,Away,9,Batting,Overcast,89
1464,19,10,11.59,Home,7,Batting,Overcast,241
1465,11,5,10.32,Away,9,Batting,Sunny,154
1466,2,8,6.03,Away,10,Bowling,Sunny,13
1467,14,8,6.73,Home,3,Bowling,Overcast,75
1468,2,7,10.68,Away,1,Bowling,Overcast,25
1469,4,4,7.96,Home,5,Balanced,Sunny,48
1470,17,0,14.38,Home,3,Balanced,Cloudy,266
1471,3,8,13.19,Home,6,Batting,Sunny,59
1472,13,0,14.84,Home,8,Bowling,Sunny,176
1473,9,7,7.6,Home,4,Balanced,Sunny,83
1474,7,4,14.7,Away,5,Bowling,Sunny,98
1475,15,2,9.31,Home,5,Balanced,Sunny,164
1476,11,10,8.48,Away,4,Balanced,Cloudy,99
1477,20,6,5.5,Away,4,Batting,Overcast,132
1478,2,6,5.53,Home,4,Batting,Overcast,25
1479,15,8,11.92,Away,4,Balanced,Cloudy,188
1480,14,6,9.58,Home,4,Batting,Overcast,158
1481,20,10,7.27,Away,5,Balanced,Overcast,135
1482,11,2,11.14,Away,2,Balanced,Overcast,128
1483,3,10,7.53,Away,2,Bowling,Cloudy,24
1484,17,0,10.78,Home,9,Batting,Cloudy,239
1485,12,7,8.59,Away,2,Batting,Overcast,125
1486,15,2,13.24,Home,6,Batting,Overcast,232
1487,16,7,13.21,Away,2,Bowling,Overcast,161
1488,5,7,9.77,Away,5,Bowling,Sunny,49
1489,20,4,8.51,Away,4,Bowling,Sunny,156
1490,6,0,8.63,Away,7,Batting,Sunny,88
1491,19,9,13.06,Home,7,Batting,Cloudy,303
1492,5,6,8.28,Home,6,Batting,Overcast,56
1493,3,9,7.09,Away,10,Bowling,Cloudy,18
1494,1,4,5.85,Away,5,Bowling,Cloudy,16
1495,6,7,9.67,Home,1,Balanced,Cloudy,72
1496,15,8,9.82,Home,3,Bowling,Overcast,113
1497,2,10,13.41,Home,9,Balanced,Sunny,29
1498,3,6,7.21,Home,1,Batting,Overcast,40
1499,17,6,8.81,Away,5,Bowling,Overcast,116
1500,12,0,13.08,Away,2,Batting,Cloudy,216
